<?xml version="1.0" encoding="UTF-8"?>
<metadata xml:lang="en"><Esri><CreaDate>20190119</CreaDate><CreaTime>21192700</CreaTime><ArcGISFormat>1.0</ArcGISFormat><SyncOnce>TRUE</SyncOnce><DataProperties><lineage><Process ToolSource="c:\program files (x86)\arcgis\desktop10.6\ArcToolbox\Toolboxes\Data Management Tools.tbx\CalculateField" Date="20190119" Time="211927">CalculateField leiden_wgt_node_perkm Node_km "[Count_]/ [SUM_Length]" VB #</Process><Process ToolSource="c:\program files (x86)\arcgis\desktop10.6\ArcToolbox\Toolboxes\Data Management Tools.tbx\CalculateField" Date="20190121" Time="125259">CalculateField leiden_wgt_node_perkm core 1 VB #</Process><Process ToolSource="c:\program files (x86)\arcgis\desktop10.6\ArcToolbox\Toolboxes\Data Management Tools.tbx\CalculateField" Date="20190122" Time="203755">CalculateField leiden_wgt_node_perkm core_NB 1 VB #</Process></lineage></DataProperties></Esri></metadata>
