<?xml version="1.0" encoding="UTF-8"?>
<metadata xml:lang="en"><Esri><CreaDate>20181128</CreaDate><CreaTime>01213800</CreaTime><ArcGISFormat>1.0</ArcGISFormat><SyncOnce>FALSE</SyncOnce><DataProperties><lineage><Process ToolSource="c:\program files (x86)\arcgis\desktop10.6\ArcToolbox\Toolboxes\Data Management Tools.tbx\CalculateField" Date="20181125" Time="122409">CalculateField edges merge 1 VB #</Process><Process ToolSource="c:\program files (x86)\arcgis\desktop10.6\ArcToolbox\Toolboxes\Data Management Tools.tbx\CalculateField" Date="20181125" Time="122442">CalculateField edges merge 2 VB #</Process><Process ToolSource="c:\program files (x86)\arcgis\desktop10.6\ArcToolbox\Toolboxes\Data Management Tools.tbx\CalculateField" Date="20181125" Time="122508">CalculateField edges merge 3 VB #</Process><Process ToolSource="c:\program files (x86)\arcgis\desktop10.6\ArcToolbox\Toolboxes\Data Management Tools.tbx\CalculateField" Date="20181125" Time="122532">CalculateField edges merge 4 VB #</Process><Process ToolSource="c:\program files (x86)\arcgis\desktop10.6\ArcToolbox\Toolboxes\Data Management Tools.tbx\CalculateField" Date="20181125" Time="122556">CalculateField edges merge 5 VB #</Process><Process ToolSource="c:\program files (x86)\arcgis\desktop10.6\ArcToolbox\Toolboxes\Data Management Tools.tbx\CalculateField" Date="20181125" Time="124005">CalculateField edges merge 7 VB #</Process><Process ToolSource="c:\program files (x86)\arcgis\desktop10.6\ArcToolbox\Toolboxes\Cartography Tools.tbx\MergeDividedRoads" Date="20181125" Time="124427">MergeDividedRoads edges merge "70 Meters" D:\Master_geospatial\Thesis\work\final_data\new_final_roads\cleaned\merged1.shp # # #</Process><Process ToolSource="c:\program files (x86)\arcgis\desktop10.6\ArcToolbox\Toolboxes\Cartography Tools.tbx\CollapseRoadDetail" Date="20181125" Time="124653">CollapseRoadDetail merged1 "200 Meters" D:\Master_geospatial\Thesis\work\final_data\new_final_roads\cleaned\roundabouts_collasped.shp</Process><Process ToolSource="c:\program files (x86)\arcgis\desktop10.6\ArcToolbox\Toolboxes\Data Management Tools.tbx\CalculateField" Date="20181125" Time="144914">CalculateField new_data weight_len round(1/ [length],3) VB #</Process><Process ToolSource="c:\program files (x86)\arcgis\desktop10.6\ArcToolbox\Toolboxes\Data Management Tools.tbx\CalculateField" Date="20181125" Time="145041">CalculateField new_data weight_len 2 VB #</Process><Process ToolSource="c:\program files (x86)\arcgis\desktop10.6\ArcToolbox\Toolboxes\Data Management Tools.tbx\CalculateField" Date="20181125" Time="145128">CalculateField new_data weight_l [weight_len] VB #</Process><Process ToolSource="c:\program files (x86)\arcgis\desktop10.6\ArcToolbox\Toolboxes\Data Management Tools.tbx\CalculateField" Date="20181125" Time="145210">CalculateField new_data weight_l [weight_len]*100+1 VB #</Process><Process ToolSource="c:\program files (x86)\arcgis\desktop10.6\ArcToolbox\Toolboxes\Conversion Tools.tbx\FeatureClassToFeatureClass" Date="20181125" Time="202731">FeatureClassToFeatureClass new_data D:\Master_geospatial\Thesis\work\final_data\new_roads.mdb\new_roads New_roads # "bridge "bridge" true true false 80 Text 0 0 ,First,#,new_data,bridge,-1,-1;from_ "from_" true true false 80 Text 0 0 ,First,#,new_data,from_,-1,-1;highway "highway" true true false 80 Text 0 0 ,First,#,new_data,highway,-1,-1;junction "junction" true true false 80 Text 0 0 ,First,#,new_data,junction,-1,-1;lanes "lanes" true true false 80 Text 0 0 ,First,#,new_data,lanes,-1,-1;length "length" true true false 80 Text 0 0 ,First,#,new_data,length,-1,-1;maxspeed "maxspeed" true true false 80 Text 0 0 ,First,#,new_data,maxspeed,-1,-1;name "name" true true false 183 Text 0 0 ,First,#,new_data,name,-1,-1;oneway "oneway" true true false 80 Text 0 0 ,First,#,new_data,oneway,-1,-1;to "to" true true false 80 Text 0 0 ,First,#,new_data,to,-1,-1;merge "merge" true true false 10 Long 0 10 ,First,#,new_data,merge,-1,-1;weight_len "weight_len" true true false 19 Double 0 0 ,First,#,new_data,weight_len,-1,-1;weight_l "weight_l" true true false 19 Double 0 0 ,First,#,new_data,weight_l,-1,-1" #</Process><Process ToolSource="c:\program files (x86)\arcgis\desktop10.6\ArcToolbox\Toolboxes\Conversion Tools.tbx\FeatureClassToFeatureClass" Date="20181125" Time="231644">FeatureClassToFeatureClass new_roads_geometric D:\Master_geospatial\Thesis\work\final_data\new_roads.mdb\new_final_roads new_final_roads # "OBJECTID "OBJECTID" true true false 10 Long 0 10 ,First,#,new_roads_geometric,OBJECTID,-1,-1;bridge "bridge" true true false 80 Text 0 0 ,First,#,new_roads_geometric,bridge,-1,-1;from_ "from_" true true false 80 Text 0 0 ,First,#,new_roads_geometric,from_,-1,-1;highway "highway" true true false 80 Text 0 0 ,First,#,new_roads_geometric,highway,-1,-1;junction "junction" true true false 80 Text 0 0 ,First,#,new_roads_geometric,junction,-1,-1;lanes "lanes" true true false 80 Text 0 0 ,First,#,new_roads_geometric,lanes,-1,-1;length "length" true true false 80 Text 0 0 ,First,#,new_roads_geometric,length,-1,-1;maxspeed "maxspeed" true true false 80 Text 0 0 ,First,#,new_roads_geometric,maxspeed,-1,-1;name "name" true true false 183 Text 0 0 ,First,#,new_roads_geometric,name,-1,-1;oneway "oneway" true true false 80 Text 0 0 ,First,#,new_roads_geometric,oneway,-1,-1;to_ "to_" true true false 80 Text 0 0 ,First,#,new_roads_geometric,to_,-1,-1;merge "merge" true true false 10 Long 0 10 ,First,#,new_roads_geometric,merge,-1,-1;weight_len "weight_len" true true false 19 Double 0 0 ,First,#,new_roads_geometric,weight_len,-1,-1;weight_l "weight_l" true true false 19 Double 0 0 ,First,#,new_roads_geometric,weight_l,-1,-1;Shape_Leng "Shape_Leng" true true false 19 Double 0 0 ,First,#,new_roads_geometric,Shape_Leng,-1,-1" #</Process><Process ToolSource="c:\program files (x86)\arcgis\desktop10.6\ArcToolbox\Toolboxes\Data Management Tools.tbx\UnsplitLine" Date="20181126" Time="134314">UnsplitLine new_final_roads D:\Master_geospatial\Thesis\work\final_data\new_final_roads\cleaned\unsplit.shp # #</Process><Process ToolSource="c:\program files (x86)\arcgis\desktop10.6\ArcToolbox\Toolboxes\Analysis Tools.tbx\SpatialJoin" Date="20181126" Time="134411">SpatialJoin unsplit new_final_roads D:\Master_geospatial\Thesis\work\final_data\new_final_roads\cleaned\unsplit_joined.shp JOIN_ONE_TO_ONE KEEP_ALL "Id "Id" true true false 6 Long 0 6 ,First,#,unsplit,Id,-1,-1;OBJECTID "OBJECTID" true true false 4 Long 0 0 ,First,#,new_final_roads,OBJECTID,-1,-1;bridge "bridge" true true false 80 Text 0 0 ,First,#,new_final_roads,bridge,-1,-1;from_ "from_" true true false 80 Text 0 0 ,First,#,new_final_roads,from_,-1,-1;highway "highway" true true false 80 Text 0 0 ,First,#,new_final_roads,highway,-1,-1;junction "junction" true true false 80 Text 0 0 ,First,#,new_final_roads,junction,-1,-1;lanes "lanes" true true false 80 Text 0 0 ,First,#,new_final_roads,lanes,-1,-1;length "length" true true false 80 Text 0 0 ,First,#,new_final_roads,length,-1,-1;maxspeed "maxspeed" true true false 80 Text 0 0 ,First,#,new_final_roads,maxspeed,-1,-1;name "name" true true false 183 Text 0 0 ,First,#,new_final_roads,name,-1,-1;oneway "oneway" true true false 80 Text 0 0 ,First,#,new_final_roads,oneway,-1,-1;to_ "to_" true true false 80 Text 0 0 ,First,#,new_final_roads,to_,-1,-1;merge "merge" true true false 4 Long 0 0 ,First,#,new_final_roads,merge,-1,-1;weight_len "weight_len" true true false 8 Double 0 0 ,First,#,new_final_roads,weight_len,-1,-1;weight_l "weight_l" true true false 8 Double 0 0 ,First,#,new_final_roads,weight_l,-1,-1;Shape_Leng "Shape_Leng" true true false 8 Double 0 0 ,First,#,new_final_roads,Shape_Leng,-1,-1;Shape_Le_1 "Shape_Le_1" false true true 8 Double 0 0 ,First,#,new_final_roads,Shape_Length,-1,-1" SHARE_A_LINE_SEGMENT_WITH # #</Process><Process ToolSource="c:\program files (x86)\arcgis\desktop10.6\ArcToolbox\Toolboxes\Conversion Tools.tbx\FeatureClassToFeatureClass" Date="20181126" Time="141910">FeatureClassToFeatureClass unsplit_joined D:\Master_geospatial\Thesis\work\final_data\new_roads.mdb\new_roads Clean_data # "Join_Count "Join_Count" true true false 10 Long 0 10 ,First,#,unsplit_joined,Join_Count,-1,-1;TARGET_FID "TARGET_FID" true true false 10 Long 0 10 ,First,#,unsplit_joined,TARGET_FID,-1,-1;Id "Id" true true false 10 Long 0 10 ,First,#,unsplit_joined,Id,-1,-1;OBJECTID "OBJECTID" true true false 10 Long 0 10 ,First,#,unsplit_joined,OBJECTID,-1,-1;bridge "bridge" true true false 80 Text 0 0 ,First,#,unsplit_joined,bridge,-1,-1;from_ "from_" true true false 80 Text 0 0 ,First,#,unsplit_joined,from_,-1,-1;highway "highway" true true false 80 Text 0 0 ,First,#,unsplit_joined,highway,-1,-1;junction "junction" true true false 80 Text 0 0 ,First,#,unsplit_joined,junction,-1,-1;lanes "lanes" true true false 80 Text 0 0 ,First,#,unsplit_joined,lanes,-1,-1;length "length" true true false 80 Text 0 0 ,First,#,unsplit_joined,length,-1,-1;maxspeed "maxspeed" true true false 80 Text 0 0 ,First,#,unsplit_joined,maxspeed,-1,-1;name "name" true true false 183 Text 0 0 ,First,#,unsplit_joined,name,-1,-1;oneway "oneway" true true false 80 Text 0 0 ,First,#,unsplit_joined,oneway,-1,-1;to_ "to_" true true false 80 Text 0 0 ,First,#,unsplit_joined,to_,-1,-1;merge "merge" true true false 10 Long 0 10 ,First,#,unsplit_joined,merge,-1,-1;weight_len "weight_len" true true false 19 Double 0 0 ,First,#,unsplit_joined,weight_len,-1,-1;weight_l "weight_l" true true false 19 Double 0 0 ,First,#,unsplit_joined,weight_l,-1,-1;Shape_Leng "Shape_Leng" true true false 19 Double 0 0 ,First,#,unsplit_joined,Shape_Leng,-1,-1;Shape_Le_1 "Shape_Le_1" true true false 19 Double 0 0 ,First,#,unsplit_joined,Shape_Le_1,-1,-1" #</Process><Process ToolSource="c:\program files (x86)\arcgis\desktop10.6\ArcToolbox\Toolboxes\Editing Tools.tbx\TrimLine" Date="20181128" Time="005308">TrimLine Clean_data # DELETE_SHORT</Process><Process ToolSource="c:\program files (x86)\arcgis\desktop10.6\ArcToolbox\Toolboxes\Data Management Tools.tbx\CalculateField" Date="20181128" Time="114629">CalculateField final_final weight_l round(1/ [Shape_Leng]*100+1,3) VB #</Process><Process ToolSource="c:\program files (x86)\arcgis\desktop10.6\ArcToolbox\Toolboxes\Data Management Tools.tbx\CalculateField" Date="20181128" Time="203107">CalculateField final_final speed 70 VB #</Process><Process ToolSource="c:\program files (x86)\arcgis\desktop10.6\ArcToolbox\Toolboxes\Data Management Tools.tbx\CalculateField" Date="20181128" Time="203140">CalculateField final_final speed 50 VB #</Process><Process ToolSource="c:\program files (x86)\arcgis\desktop10.6\ArcToolbox\Toolboxes\Data Management Tools.tbx\CalculateField" Date="20181128" Time="203222">CalculateField final_final speed 50 VB #</Process><Process ToolSource="c:\program files (x86)\arcgis\desktop10.6\ArcToolbox\Toolboxes\Data Management Tools.tbx\CalculateField" Date="20181128" Time="203302">CalculateField final_final speed 50 VB #</Process><Process ToolSource="c:\program files (x86)\arcgis\desktop10.6\ArcToolbox\Toolboxes\Data Management Tools.tbx\CalculateField" Date="20181128" Time="203518">CalculateField final_final time ([Shape_Leng]/ ([speed]*1000))*60 VB #</Process><Process ToolSource="c:\program files (x86)\arcgis\desktop10.6\ArcToolbox\Toolboxes\Data Management Tools.tbx\CalculateField" Date="20181128" Time="203922">CalculateField final_final weight_t "1/ [time]" VB #</Process><Process ToolSource="c:\program files (x86)\arcgis\desktop10.6\ArcToolbox\Toolboxes\Data Management Tools.tbx\CalculateField" Date="20181128" Time="203942">CalculateField final_final weight_t round(1/ [time],3) VB #</Process><Process ToolSource="c:\program files (x86)\arcgis\desktop10.6\ArcToolbox\Toolboxes\Data Management Tools.tbx\CalculateField" Date="20181210" Time="215546">CalculateField final_final weight_nor [weight_t]/1.357 VB #</Process><Process ToolSource="c:\program files (x86)\arcgis\desktop10.6\ArcToolbox\Toolboxes\Data Management Tools.tbx\CalculateField" Date="20181214" Time="222115">CalculateField final_final weight_tim [weight_nor]/20.031688 VB #</Process><Process ToolSource="c:\program files (x86)\arcgis\desktop10.6\ArcToolbox\Toolboxes\Data Management Tools.tbx\CalculateField" Date="20181214" Time="222155">CalculateField final_final weight_tim [weight_nor]/6 VB #</Process></lineage><itemProps><itemName Sync="TRUE">Clean_data</itemName><imsContentType Sync="TRUE">002</imsContentType><itemSize Sync="TRUE">0.000</itemSize><itemLocation><linkage Sync="TRUE">file://\\DESKTOP-1SPU04G\D$\Master_geospatial\Thesis\work\final_data\new_roads.mdb</linkage><protocol Sync="TRUE">Local Area Network</protocol></itemLocation></itemProps><coordRef><type Sync="TRUE">Projected</type><geogcsn Sync="TRUE">GCS_WGS_1984</geogcsn><csUnits Sync="TRUE">Linear Unit: Meter (1.000000)</csUnits><projcsn Sync="TRUE">WGS_1984_UTM_Zone_32N</projcsn><peXml Sync="TRUE">&lt;ProjectedCoordinateSystem xsi:type='typens:ProjectedCoordinateSystem' xmlns:xsi='http://www.w3.org/2001/XMLSchema-instance' xmlns:xs='http://www.w3.org/2001/XMLSchema' xmlns:typens='http://www.esri.com/schemas/ArcGIS/10.6'&gt;&lt;WKT&gt;PROJCS[&amp;quot;WGS_1984_UTM_Zone_32N&amp;quot;,GEOGCS[&amp;quot;GCS_WGS_1984&amp;quot;,DATUM[&amp;quot;D_WGS_1984&amp;quot;,SPHEROID[&amp;quot;WGS_1984&amp;quot;,6378137.0,298.257223563]],PRIMEM[&amp;quot;Greenwich&amp;quot;,0.0],UNIT[&amp;quot;Degree&amp;quot;,0.0174532925199433]],PROJECTION[&amp;quot;Transverse_Mercator&amp;quot;],PARAMETER[&amp;quot;False_Easting&amp;quot;,500000.0],PARAMETER[&amp;quot;False_Northing&amp;quot;,0.0],PARAMETER[&amp;quot;Central_Meridian&amp;quot;,9.0],PARAMETER[&amp;quot;Scale_Factor&amp;quot;,0.9996],PARAMETER[&amp;quot;Latitude_Of_Origin&amp;quot;,0.0],UNIT[&amp;quot;Meter&amp;quot;,1.0],AUTHORITY[&amp;quot;EPSG&amp;quot;,32632]]&lt;/WKT&gt;&lt;XOrigin&gt;-5120900&lt;/XOrigin&gt;&lt;YOrigin&gt;-9998100&lt;/YOrigin&gt;&lt;XYScale&gt;10000&lt;/XYScale&gt;&lt;ZOrigin&gt;-100000&lt;/ZOrigin&gt;&lt;ZScale&gt;10000&lt;/ZScale&gt;&lt;MOrigin&gt;-100000&lt;/MOrigin&gt;&lt;MScale&gt;10000&lt;/MScale&gt;&lt;XYTolerance&gt;20&lt;/XYTolerance&gt;&lt;ZTolerance&gt;0.001&lt;/ZTolerance&gt;&lt;MTolerance&gt;0.001&lt;/MTolerance&gt;&lt;HighPrecision&gt;true&lt;/HighPrecision&gt;&lt;WKID&gt;32632&lt;/WKID&gt;&lt;LatestWKID&gt;32632&lt;/LatestWKID&gt;&lt;/ProjectedCoordinateSystem&gt;</peXml></coordRef></DataProperties><SyncDate>20181126</SyncDate><SyncTime>14190000</SyncTime><ModDate>20181126</ModDate><ModTime>14190000</ModTime></Esri><dataIdInfo><envirDesc Sync="TRUE"> Version 6.2 (Build 9200) ; Esri ArcGIS 10.6.0.8321</envirDesc><dataLang><languageCode value="eng" Sync="TRUE"></languageCode><countryCode value="USA" Sync="TRUE"></countryCode></dataLang><idCitation><resTitle Sync="TRUE">Clean_data</resTitle><presForm><PresFormCd value="005" Sync="TRUE"></PresFormCd></presForm></idCitation><spatRpType><SpatRepTypCd value="001" Sync="TRUE"></SpatRepTypCd></spatRpType></dataIdInfo><mdLang><languageCode value="eng" Sync="TRUE"></languageCode><countryCode value="USA" Sync="TRUE"></countryCode></mdLang><mdChar><CharSetCd value="004" Sync="TRUE"></CharSetCd></mdChar><distInfo><distFormat><formatName Sync="TRUE">Personal GeoDatabase Feature Class</formatName></distFormat><distTranOps><transSize Sync="TRUE">0.000</transSize></distTranOps></distInfo><mdHrLv><ScopeCd value="005" Sync="TRUE"></ScopeCd></mdHrLv><mdHrLvName Sync="TRUE">dataset</mdHrLvName><refSysInfo><RefSystem><refSysID><identCode code="32632" Sync="TRUE"></identCode><idCodeSpace Sync="TRUE">EPSG</idCodeSpace><idVersion Sync="TRUE">2.1(3.0.1)</idVersion></refSysID></RefSystem></refSysInfo><spatRepInfo><VectSpatRep><geometObjs Name="Clean_data"><geoObjTyp><GeoObjTypCd value="002" Sync="TRUE"></GeoObjTypCd></geoObjTyp><geoObjCnt Sync="TRUE">0</geoObjCnt></geometObjs><topLvl><TopoLevCd value="001" Sync="TRUE"></TopoLevCd></topLvl></VectSpatRep></spatRepInfo><spdoinfo><ptvctinf><esriterm Name="Clean_data"><efeatyp Sync="TRUE">Simple</efeatyp><efeageom code="3" Sync="TRUE"></efeageom><esritopo Sync="TRUE">FALSE</esritopo><efeacnt Sync="TRUE">0</efeacnt><spindex Sync="TRUE">TRUE</spindex><linrefer Sync="TRUE">FALSE</linrefer></esriterm></ptvctinf></spdoinfo><eainfo><detailed Name="Clean_data"><enttyp><enttypl Sync="TRUE">Clean_data</enttypl><enttypt Sync="TRUE">Feature Class</enttypt><enttypc Sync="TRUE">0</enttypc></enttyp><attr><attrlabl Sync="TRUE">OBJECTID_1</attrlabl><attalias Sync="TRUE">OBJECTID_1</attalias><attrtype Sync="TRUE">OID</attrtype><attwidth Sync="TRUE">4</attwidth><atprecis Sync="TRUE">0</atprecis><attscale Sync="TRUE">0</attscale><attrdef Sync="TRUE">Internal feature number.</attrdef><attrdefs Sync="TRUE">Esri</attrdefs><attrdomv><udom Sync="TRUE">Sequential unique whole numbers that are automatically generated.</udom></attrdomv></attr><attr><attrlabl Sync="TRUE">Shape</attrlabl><attalias Sync="TRUE">Shape</attalias><attrtype Sync="TRUE">Geometry</attrtype><attwidth Sync="TRUE">0</attwidth><atprecis Sync="TRUE">0</atprecis><attscale Sync="TRUE">0</attscale><attrdef Sync="TRUE">Feature geometry.</attrdef><attrdefs Sync="TRUE">Esri</attrdefs><attrdomv><udom Sync="TRUE">Coordinates defining the features.</udom></attrdomv></attr><attr><attrlabl Sync="TRUE">Join_Count</attrlabl><attalias Sync="TRUE">Join_Count</attalias><attrtype Sync="TRUE">Integer</attrtype><attwidth Sync="TRUE">4</attwidth><atprecis Sync="TRUE">0</atprecis><attscale Sync="TRUE">0</attscale></attr><attr><attrlabl Sync="TRUE">TARGET_FID</attrlabl><attalias Sync="TRUE">TARGET_FID</attalias><attrtype Sync="TRUE">Integer</attrtype><attwidth Sync="TRUE">4</attwidth><atprecis Sync="TRUE">0</atprecis><attscale Sync="TRUE">0</attscale></attr><attr><attrlabl Sync="TRUE">Id</attrlabl><attalias Sync="TRUE">Id</attalias><attrtype Sync="TRUE">Integer</attrtype><attwidth Sync="TRUE">4</attwidth><atprecis Sync="TRUE">0</atprecis><attscale Sync="TRUE">0</attscale></attr><attr><attrlabl Sync="TRUE">OBJECTID</attrlabl><attalias Sync="TRUE">OBJECTID</attalias><attrtype Sync="TRUE">Integer</attrtype><attwidth Sync="TRUE">4</attwidth><atprecis Sync="TRUE">0</atprecis><attscale Sync="TRUE">0</attscale></attr><attr><attrlabl Sync="TRUE">bridge</attrlabl><attalias Sync="TRUE">bridge</attalias><attrtype Sync="TRUE">String</attrtype><attwidth Sync="TRUE">80</attwidth><atprecis Sync="TRUE">0</atprecis><attscale Sync="TRUE">0</attscale></attr><attr><attrlabl Sync="TRUE">from_</attrlabl><attalias Sync="TRUE">from_</attalias><attrtype Sync="TRUE">String</attrtype><attwidth Sync="TRUE">80</attwidth><atprecis Sync="TRUE">0</atprecis><attscale Sync="TRUE">0</attscale></attr><attr><attrlabl Sync="TRUE">highway</attrlabl><attalias Sync="TRUE">highway</attalias><attrtype Sync="TRUE">String</attrtype><attwidth Sync="TRUE">80</attwidth><atprecis Sync="TRUE">0</atprecis><attscale Sync="TRUE">0</attscale></attr><attr><attrlabl Sync="TRUE">junction</attrlabl><attalias Sync="TRUE">junction</attalias><attrtype Sync="TRUE">String</attrtype><attwidth Sync="TRUE">80</attwidth><atprecis Sync="TRUE">0</atprecis><attscale Sync="TRUE">0</attscale></attr><attr><attrlabl Sync="TRUE">lanes</attrlabl><attalias Sync="TRUE">lanes</attalias><attrtype Sync="TRUE">String</attrtype><attwidth Sync="TRUE">80</attwidth><atprecis Sync="TRUE">0</atprecis><attscale Sync="TRUE">0</attscale></attr><attr><attrlabl Sync="TRUE">length</attrlabl><attalias Sync="TRUE">length</attalias><attrtype Sync="TRUE">String</attrtype><attwidth Sync="TRUE">80</attwidth><atprecis Sync="TRUE">0</atprecis><attscale Sync="TRUE">0</attscale></attr><attr><attrlabl Sync="TRUE">maxspeed</attrlabl><attalias Sync="TRUE">maxspeed</attalias><attrtype Sync="TRUE">String</attrtype><attwidth Sync="TRUE">80</attwidth><atprecis Sync="TRUE">0</atprecis><attscale Sync="TRUE">0</attscale></attr><attr><attrlabl Sync="TRUE">name</attrlabl><attalias Sync="TRUE">name</attalias><attrtype Sync="TRUE">String</attrtype><attwidth Sync="TRUE">183</attwidth><atprecis Sync="TRUE">0</atprecis><attscale Sync="TRUE">0</attscale></attr><attr><attrlabl Sync="TRUE">oneway</attrlabl><attalias Sync="TRUE">oneway</attalias><attrtype Sync="TRUE">String</attrtype><attwidth Sync="TRUE">80</attwidth><atprecis Sync="TRUE">0</atprecis><attscale Sync="TRUE">0</attscale></attr><attr><attrlabl Sync="TRUE">to_</attrlabl><attalias Sync="TRUE">to_</attalias><attrtype Sync="TRUE">String</attrtype><attwidth Sync="TRUE">80</attwidth><atprecis Sync="TRUE">0</atprecis><attscale Sync="TRUE">0</attscale></attr><attr><attrlabl Sync="TRUE">merge</attrlabl><attalias Sync="TRUE">merge</attalias><attrtype Sync="TRUE">Integer</attrtype><attwidth Sync="TRUE">4</attwidth><atprecis Sync="TRUE">0</atprecis><attscale Sync="TRUE">0</attscale></attr><attr><attrlabl Sync="TRUE">weight_len</attrlabl><attalias Sync="TRUE">weight_len</attalias><attrtype Sync="TRUE">Double</attrtype><attwidth Sync="TRUE">8</attwidth><atprecis Sync="TRUE">0</atprecis><attscale Sync="TRUE">0</attscale></attr><attr><attrlabl Sync="TRUE">weight_l</attrlabl><attalias Sync="TRUE">weight_l</attalias><attrtype Sync="TRUE">Double</attrtype><attwidth Sync="TRUE">8</attwidth><atprecis Sync="TRUE">0</atprecis><attscale Sync="TRUE">0</attscale></attr><attr><attrlabl Sync="TRUE">Shape_Leng</attrlabl><attalias Sync="TRUE">Shape_Leng</attalias><attrtype Sync="TRUE">Double</attrtype><attwidth Sync="TRUE">8</attwidth><atprecis Sync="TRUE">0</atprecis><attscale Sync="TRUE">0</attscale></attr><attr><attrlabl Sync="TRUE">Shape_Le_1</attrlabl><attalias Sync="TRUE">Shape_Le_1</attalias><attrtype Sync="TRUE">Double</attrtype><attwidth Sync="TRUE">8</attwidth><atprecis Sync="TRUE">0</atprecis><attscale Sync="TRUE">0</attscale></attr><attr><attrlabl Sync="TRUE">Shape_Length</attrlabl><attalias Sync="TRUE">Shape_Length</attalias><attrtype Sync="TRUE">Double</attrtype><attwidth Sync="TRUE">8</attwidth><atprecis Sync="TRUE">0</atprecis><attscale Sync="TRUE">0</attscale><attrdef Sync="TRUE">Length of feature in internal units.</attrdef><attrdefs Sync="TRUE">Esri</attrdefs><attrdomv><udom Sync="TRUE">Positive real numbers that are automatically generated.</udom></attrdomv></attr></detailed></eainfo><mdDateSt Sync="TRUE">20181126</mdDateSt></metadata>
